﻿<?xml version="1.0" encoding="utf-8"?>
<ApplicationConfiguration xmlns:i="http://www.w3.org/2001/XMLSchema-instance" xmlns="http://opcfoundation.org/UA/SDK/Configuration.xsd">
  <ApplicationName>UA Configuration Tool</ApplicationName>
  <ApplicationUri>urn:localhost:OPCFoundation:ConfigurationTool</ApplicationUri>
  <ProductUri>http://opcfoundation.org/UA/ConfigurationTool</ProductUri>
  <ApplicationType>Client_1</ApplicationType>

  <SecurityConfiguration>

    <!-- Where the application instance certificate is stored (MachineDefault) -->
    <ApplicationCertificate>
      <StoreType>Directory</StoreType>
      <StorePath>%CommonApplicationData%\OPC Foundation\CertificateStores\MachineDefault</StorePath>
      <SubjectName>UA Configuration Tool</SubjectName>
    </ApplicationCertificate>

    <!-- Where the trust list is stored (UA Applications) -->
    <TrustedPeerCertificates>
      <StoreType>Windows</StoreType>
      <StorePath>LocalMachine\UA Applications</StorePath>
    </TrustedPeerCertificates>

    <!-- Where the issuer certificate are stored (certificate authorities) -->
    <TrustedIssuerCertificates>
      <StoreType>Directory</StoreType>
      <StorePath>%CommonApplicationData%\OPC Foundation\CertificateStores\UA Certificate Authorities</StorePath>
    </TrustedIssuerCertificates>

    <!-- The directory used to store invalid certficates for later review by the administrator. -->
    <RejectedCertificateStore>
      <StoreType>Directory</StoreType>
      <StorePath>%CommonApplicationData%\OPC Foundation\CertificateStores\RejectedCertificates</StorePath>
    </RejectedCertificateStore>

    <AutoAcceptUntrustedCertificates>false</AutoAcceptUntrustedCertificates>
  </SecurityConfiguration>
  
  <TransportConfigurations></TransportConfigurations>
  
  <TransportQuotas>
    <OperationTimeout>600000</OperationTimeout>
    <MaxStringLength>1048576</MaxStringLength>
    <MaxByteStringLength>4194304</MaxByteStringLength>
    <MaxArrayLength>65535</MaxArrayLength>
    <MaxMessageSize>4194304</MaxMessageSize>
    <MaxBufferSize>65535</MaxBufferSize>
    <ChannelLifetime>300000</ChannelLifetime>
    <SecurityTokenLifetime>3600000</SecurityTokenLifetime>
  </TransportQuotas>
  <ClientConfiguration>
    <DefaultSessionTimeout>60000</DefaultSessionTimeout>
    <WellKnownDiscoveryUrls xmlns:d2p1="http://opcfoundation.org/UA/2008/02/Types.xsd">
      <d2p1:String>http://{0}:52601/UADiscovery</d2p1:String>
      <d2p1:String>opc.tcp://{0}:4840</d2p1:String>
      <d2p1:String>http://{0}/UADiscovery/Default.svc</d2p1:String>
    </WellKnownDiscoveryUrls>
    <DiscoveryServers xmlns:d2p1="http://opcfoundation.org/UA/2008/02/Types.xsd" />
    <EndpointCacheFilePath>Opc.Ua.ConfigurationTool.Endpoints.xml</EndpointCacheFilePath>
    <MinSubscriptionLifetime>10000</MinSubscriptionLifetime>
  </ClientConfiguration>
  <Extensions xmlns:d2p1="http://opcfoundation.org/UA/2008/02/Types.xsd">
  </Extensions>
  <TraceConfiguration>
    <OutputFilePath>Logs\Opc.Ua.ConfigurationTool.log.txt</OutputFilePath>
    <DeleteOnLoad>false</DeleteOnLoad>
    <!-- Show Only Errors -->
    <!-- <TraceMasks>1</TraceMasks> -->
    <!-- Show Only Security and Errors -->
    <TraceMasks>513</TraceMasks>
    <!-- Show Only Security, Errors and Trace -->
    <!-- <TraceMasks>515</TraceMasks> -->
    <!-- Show Only Security, COM Calls, Errors and Trace -->
    <!-- <TraceMasks>771</TraceMasks> -->
    <!-- Show Only Security, Service Calls, Errors and Trace -->
    <!-- <TraceMasks>523</TraceMasks> -->
    <!-- Show Only Security, ServiceResultExceptions, Errors and Trace -->
    <!-- <TraceMasks>519</TraceMasks> -->
  </TraceConfiguration>
</ApplicationConfiguration>