﻿<?xml version="1.0" encoding="utf-8" ?>
<s0:InstalledApplication
  xmlns:s0="http://opcfoundation.org/UA/SDK/Installation.xsd"
  xmlns:s1="http://opcfoundation.org/UA/SDK/Configuration.xsd"
  xmlns="http://opcfoundation.org/UA/2011/03/SecuredApplication.xsd"
  xmlns:ua="http://opcfoundation.org/UA/2008/02/Types.xsd">

  <ApplicationName>Workstation.RobotServer</ApplicationName>
  <ApplicationUri>urn:localhost:Workstation.RobotServer</ApplicationUri>
  <ApplicationType>Server_0</ApplicationType>
  <ConfigurationFile>Workstation.RobotServer.Config.xml</ConfigurationFile>

  <s0:DeleteCertificatesOnUninstall>true</s0:DeleteCertificatesOnUninstall>
  <s0:ConfigureFirewall>true</s0:ConfigureFirewall>
  <s0:SetConfigurationFilePermisions>false</s0:SetConfigurationFilePermisions>
  <s0:SetExecutableFilePermisions>false</s0:SetExecutableFilePermisions>
  <s0:InstallAsService>false</s0:InstallAsService>

  <s0:TraceConfiguration>
    <s1:OutputFilePath>Logs\RobotServer.InstallLog.xml</s1:OutputFilePath>
    <s1:DeleteOnLoad>true</s1:DeleteOnLoad>
    <!-- Show Only Errors -->
    <!-- <s1:TraceMasks>1</s1:TraceMasks> -->
    <!-- Show Only Security and Errors -->
    <!-- <s1:TraceMasks>513</s1:TraceMasks> -->
    <!-- Show Only Security, Errors and Trace -->
    <s1:TraceMasks>515</s1:TraceMasks>
    <!-- Show Only Security, COM Calls, Errors and Trace -->
    <!-- <s1:TraceMasks>771</s1:TraceMasks> -->
    <!-- Show Only Security, Service Calls, Errors and Trace -->
    <!-- <s1:TraceMasks>523</s1:TraceMasks> -->
    <!-- Show Only Security, ServiceResultExceptions, Errors and Trace -->
    <!-- <s1:TraceMasks>519</s1:TraceMasks> -->
  </s0:TraceConfiguration>

</s0:InstalledApplication>