﻿{
  // ACTION REQUIRED: This file was automatically added to your project, but it
  // will not take effect until additional steps are taken to enable it. See the
  // following page for additional information:
  //
  // https://github.com/DotNetAnalyzers/StyleCopAnalyzers/blob/master/documentation/EnableConfiguration.md

  "$schema": "https://raw.githubusercontent.com/DotNetAnalyzers/StyleCopAnalyzers/master/StyleCop.Analyzers/StyleCop.Analyzers/Settings/stylecop.schema.json",
  "settings": {
    "documentationRules": {
      "companyName": "Converter Systems LLC",
      "copyrightText": "Copyright (c) {companyName}. All rights reserved.\nLicensed under the MIT license. See LICENSE file in the project root for full license information.",
      "xmlHeader": false
    },
    "orderingRules": {
      "elementOrder": [
        "kind",
        "constant",
        "static",
        "readonly"
      ],
      "usingDirectivesPlacement": "outsideNamespace",
      "systemUsingDirectivesFirst":  true 
    }
  }
}
