<?xml version="1.0"?>
<scene id="1">
	<attribute name="Name" value="" />
	<attribute name="Time Scale" value="1" />
	<attribute name="Smoothing Constant" value="50" />
	<attribute name="Snap Threshold" value="5" />
	<attribute name="Elapsed Time" value="0" />
	<attribute name="Next Replicated Node ID" value="46" />
	<attribute name="Next Replicated Component ID" value="47" />
	<attribute name="Next Local Node ID" value="16777229" />
	<attribute name="Next Local Component ID" value="16777267" />
	<attribute name="Variables" />
	<attribute name="Variable Names" value="" />
	<component type="Octree" id="1" />
	<component type="DebugRenderer" id="2" />
	<node id="16777217">
		<attribute name="Is Enabled" value="true" />
		<attribute name="Name" value="Base" />
		<attribute name="Tags" />
		<attribute name="Position" value="0 0 0" />
		<attribute name="Rotation" value="0.707107 0 -0.707107 0" />
		<attribute name="Scale" value="1 1 1" />
		<attribute name="Variables" />
		<node id="2">
			<attribute name="Is Enabled" value="true" />
			<attribute name="Name" value="" />
			<attribute name="Tags" />
			<attribute name="Position" value="0 0 0" />
			<attribute name="Rotation" value="1 0 0 0" />
			<attribute name="Scale" value="1 1 1" />
			<attribute name="Variables" />
			<component type="StaticModel" id="3">
				<attribute name="Model" value="Model;Models/Base.001.mdl" />
				<attribute name="Material" value="Material;Materials/Material0.xml" />
			</component>
		</node>
		<node id="3">
			<attribute name="Is Enabled" value="true" />
			<attribute name="Name" value="" />
			<attribute name="Tags" />
			<attribute name="Position" value="0 0 0" />
			<attribute name="Rotation" value="1 0 0 0" />
			<attribute name="Scale" value="1 1 1" />
			<attribute name="Variables" />
			<component type="StaticModel" id="4">
				<attribute name="Model" value="Model;Models/Base.002.mdl" />
				<attribute name="Material" value="Material;Materials/Material1.xml" />
			</component>
		</node>
		<node id="4">
			<attribute name="Is Enabled" value="true" />
			<attribute name="Name" value="" />
			<attribute name="Tags" />
			<attribute name="Position" value="0 0 0" />
			<attribute name="Rotation" value="1 0 0 0" />
			<attribute name="Scale" value="1 1 1" />
			<attribute name="Variables" />
			<component type="StaticModel" id="5">
				<attribute name="Model" value="Model;Models/Base.003.mdl" />
				<attribute name="Material" value="Material;Materials/Material1.xml" />
			</component>
		</node>
		<node id="5">
			<attribute name="Is Enabled" value="true" />
			<attribute name="Name" value="" />
			<attribute name="Tags" />
			<attribute name="Position" value="0 0 0" />
			<attribute name="Rotation" value="1 0 0 0" />
			<attribute name="Scale" value="1 1 1" />
			<attribute name="Variables" />
			<component type="StaticModel" id="6">
				<attribute name="Model" value="Model;Models/Base.004.mdl" />
				<attribute name="Material" value="Material;Materials/Material1.xml" />
			</component>
		</node>
		<node id="6">
			<attribute name="Is Enabled" value="true" />
			<attribute name="Name" value="" />
			<attribute name="Tags" />
			<attribute name="Position" value="0 0 0" />
			<attribute name="Rotation" value="1 0 0 0" />
			<attribute name="Scale" value="1 1 1" />
			<attribute name="Variables" />
			<component type="StaticModel" id="7">
				<attribute name="Model" value="Model;Models/Base.005.mdl" />
				<attribute name="Material" value="Material;Materials/Material1.xml" />
			</component>
		</node>
		<node id="7">
			<attribute name="Is Enabled" value="true" />
			<attribute name="Name" value="" />
			<attribute name="Tags" />
			<attribute name="Position" value="0 0 0" />
			<attribute name="Rotation" value="1 0 0 0" />
			<attribute name="Scale" value="1 1 1" />
			<attribute name="Variables" />
			<component type="StaticModel" id="8">
				<attribute name="Model" value="Model;Models/Base.006.mdl" />
				<attribute name="Material" value="Material;Materials/Material1.xml" />
			</component>
		</node>
		<node id="8">
			<attribute name="Is Enabled" value="true" />
			<attribute name="Name" value="" />
			<attribute name="Tags" />
			<attribute name="Position" value="0 0 0" />
			<attribute name="Rotation" value="1 0 0 0" />
			<attribute name="Scale" value="1 1 1" />
			<attribute name="Variables" />
			<component type="StaticModel" id="9">
				<attribute name="Model" value="Model;Models/Base.007.mdl" />
				<attribute name="Material" value="Material;Materials/Material1.xml" />
			</component>
		</node>
		<node id="9">
			<attribute name="Is Enabled" value="true" />
			<attribute name="Name" value="" />
			<attribute name="Tags" />
			<attribute name="Position" value="0 0 0" />
			<attribute name="Rotation" value="1 0 0 0" />
			<attribute name="Scale" value="1 1 1" />
			<attribute name="Variables" />
			<component type="StaticModel" id="10">
				<attribute name="Model" value="Model;Models/Base.008.mdl" />
				<attribute name="Material" value="Material;Materials/Material1.xml" />
			</component>
		</node>
		<node id="16777220">
			<attribute name="Is Enabled" value="true" />
			<attribute name="Name" value="Link1" />
			<attribute name="Tags" />
			<attribute name="Position" value="0 0 0" />
			<attribute name="Rotation" value="1 0 0 0" />
			<attribute name="Scale" value="1 1 1" />
			<attribute name="Variables" />
			<node id="10">
				<attribute name="Is Enabled" value="true" />
				<attribute name="Name" value="" />
				<attribute name="Tags" />
				<attribute name="Position" value="0 0 0" />
				<attribute name="Rotation" value="1 0 0 0" />
				<attribute name="Scale" value="1 1 1" />
				<attribute name="Variables" />
				<component type="StaticModel" id="11">
					<attribute name="Model" value="Model;Models/Link1.002.mdl" />
					<attribute name="Material" value="Material;Materials/Material1.xml" />
				</component>
			</node>
			<node id="11">
				<attribute name="Is Enabled" value="true" />
				<attribute name="Name" value="" />
				<attribute name="Tags" />
				<attribute name="Position" value="0 0 0" />
				<attribute name="Rotation" value="1 0 0 0" />
				<attribute name="Scale" value="1 1 1" />
				<attribute name="Variables" />
				<component type="StaticModel" id="12">
					<attribute name="Model" value="Model;Models/Link1.003.mdl" />
					<attribute name="Material" value="Material;Materials/Material1.xml" />
				</component>
			</node>
			<node id="12">
				<attribute name="Is Enabled" value="true" />
				<attribute name="Name" value="" />
				<attribute name="Tags" />
				<attribute name="Position" value="0 0 0" />
				<attribute name="Rotation" value="1 0 0 0" />
				<attribute name="Scale" value="1 1 1" />
				<attribute name="Variables" />
				<component type="StaticModel" id="13">
					<attribute name="Model" value="Model;Models/Link1.004.mdl" />
					<attribute name="Material" value="Material;Materials/Material1.xml" />
				</component>
			</node>
			<node id="13">
				<attribute name="Is Enabled" value="true" />
				<attribute name="Name" value="" />
				<attribute name="Tags" />
				<attribute name="Position" value="0 0 0" />
				<attribute name="Rotation" value="1 0 0 0" />
				<attribute name="Scale" value="1 1 1" />
				<attribute name="Variables" />
				<component type="StaticModel" id="14">
					<attribute name="Model" value="Model;Models/Link1.005.mdl" />
					<attribute name="Material" value="Material;Materials/Material1.xml" />
				</component>
			</node>
			<node id="14">
				<attribute name="Is Enabled" value="true" />
				<attribute name="Name" value="" />
				<attribute name="Tags" />
				<attribute name="Position" value="0 0 0" />
				<attribute name="Rotation" value="1 0 0 0" />
				<attribute name="Scale" value="1 1 1" />
				<attribute name="Variables" />
				<component type="StaticModel" id="15">
					<attribute name="Model" value="Model;Models/Link1.006.mdl" />
					<attribute name="Material" value="Material;Materials/Material1.xml" />
				</component>
			</node>
			<node id="15">
				<attribute name="Is Enabled" value="true" />
				<attribute name="Name" value="" />
				<attribute name="Tags" />
				<attribute name="Position" value="0 0 0" />
				<attribute name="Rotation" value="1 0 0 0" />
				<attribute name="Scale" value="1 1 1" />
				<attribute name="Variables" />
				<component type="StaticModel" id="16">
					<attribute name="Model" value="Model;Models/Link1.007.mdl" />
					<attribute name="Material" value="Material;Materials/Material1.xml" />
				</component>
			</node>
			<node id="16">
				<attribute name="Is Enabled" value="true" />
				<attribute name="Name" value="" />
				<attribute name="Tags" />
				<attribute name="Position" value="0 0 0" />
				<attribute name="Rotation" value="1 0 0 0" />
				<attribute name="Scale" value="1 1 1" />
				<attribute name="Variables" />
				<component type="StaticModel" id="17">
					<attribute name="Model" value="Model;Models/Link1.008.mdl" />
					<attribute name="Material" value="Material;Materials/Material1.xml" />
				</component>
			</node>
			<node id="17">
				<attribute name="Is Enabled" value="true" />
				<attribute name="Name" value="" />
				<attribute name="Tags" />
				<attribute name="Position" value="0 0 0" />
				<attribute name="Rotation" value="1 0 0 0" />
				<attribute name="Scale" value="1 1 1" />
				<attribute name="Variables" />
				<component type="StaticModel" id="18">
					<attribute name="Model" value="Model;Models/Link1.009.mdl" />
					<attribute name="Material" value="Material;Materials/Material1.xml" />
				</component>
			</node>
			<node id="18">
				<attribute name="Is Enabled" value="true" />
				<attribute name="Name" value="" />
				<attribute name="Tags" />
				<attribute name="Position" value="0 0 0" />
				<attribute name="Rotation" value="1 0 0 0" />
				<attribute name="Scale" value="1 1 1" />
				<attribute name="Variables" />
				<component type="StaticModel" id="19">
					<attribute name="Model" value="Model;Models/Link1.010.mdl" />
					<attribute name="Material" value="Material;Materials/Material1.xml" />
				</component>
			</node>
			<node id="19">
				<attribute name="Is Enabled" value="true" />
				<attribute name="Name" value="" />
				<attribute name="Tags" />
				<attribute name="Position" value="0 0 0" />
				<attribute name="Rotation" value="1 0 0 0" />
				<attribute name="Scale" value="1 1 1" />
				<attribute name="Variables" />
				<component type="StaticModel" id="20">
					<attribute name="Model" value="Model;Models/Link1.011.mdl" />
					<attribute name="Material" value="Material;Materials/Material1.xml" />
				</component>
			</node>
			<node id="20">
				<attribute name="Is Enabled" value="true" />
				<attribute name="Name" value="" />
				<attribute name="Tags" />
				<attribute name="Position" value="0 0 0" />
				<attribute name="Rotation" value="1 0 0 0" />
				<attribute name="Scale" value="1 1 1" />
				<attribute name="Variables" />
				<component type="StaticModel" id="21">
					<attribute name="Model" value="Model;Models/LinkD1.001.mdl" />
					<attribute name="Material" value="Material;Materials/Material1.xml" />
				</component>
			</node>
			<node id="21">
				<attribute name="Is Enabled" value="true" />
				<attribute name="Name" value="" />
				<attribute name="Tags" />
				<attribute name="Position" value="0 0 0" />
				<attribute name="Rotation" value="1 0 0 0" />
				<attribute name="Scale" value="1 1 1" />
				<attribute name="Variables" />
				<component type="StaticModel" id="22">
					<attribute name="Model" value="Model;Models/LinkD1.002.mdl" />
					<attribute name="Material" value="Material;Materials/Material1.xml" />
				</component>
			</node>
			<node id="22">
				<attribute name="Is Enabled" value="true" />
				<attribute name="Name" value="" />
				<attribute name="Tags" />
				<attribute name="Position" value="0 0 0" />
				<attribute name="Rotation" value="1 0 0 0" />
				<attribute name="Scale" value="1 1 1" />
				<attribute name="Variables" />
				<component type="StaticModel" id="23">
					<attribute name="Model" value="Model;Models/LinkD2.001.mdl" />
					<attribute name="Material" value="Material;Materials/Material1.xml" />
				</component>
			</node>
			<node id="23">
				<attribute name="Is Enabled" value="true" />
				<attribute name="Name" value="" />
				<attribute name="Tags" />
				<attribute name="Position" value="0 0 0" />
				<attribute name="Rotation" value="1 0 0 0" />
				<attribute name="Scale" value="1 1 1" />
				<attribute name="Variables" />
				<component type="StaticModel" id="24">
					<attribute name="Model" value="Model;Models/LinkD2.002.mdl" />
					<attribute name="Material" value="Material;" />
				</component>
			</node>
			<node id="16777222">
				<attribute name="Is Enabled" value="true" />
				<attribute name="Name" value="Link2" />
				<attribute name="Tags" />
				<attribute name="Position" value="0 0 0" />
				<attribute name="Rotation" value="1 0 0 0" />
				<attribute name="Scale" value="1 1 1" />
				<attribute name="Variables" />
				<node id="24">
					<attribute name="Is Enabled" value="true" />
					<attribute name="Name" value="" />
					<attribute name="Tags" />
					<attribute name="Position" value="0 0 0" />
					<attribute name="Rotation" value="1 0 0 0" />
					<attribute name="Scale" value="1 1 1" />
					<attribute name="Variables" />
					<component type="StaticModel" id="25">
						<attribute name="Model" value="Model;Models/Link2.002.mdl" />
						<attribute name="Material" value="Material;Materials/Material1.xml" />
					</component>
				</node>
				<node id="25">
					<attribute name="Is Enabled" value="true" />
					<attribute name="Name" value="" />
					<attribute name="Tags" />
					<attribute name="Position" value="0 0 0" />
					<attribute name="Rotation" value="1 0 0 0" />
					<attribute name="Scale" value="1 1 1" />
					<attribute name="Variables" />
					<component type="StaticModel" id="26">
						<attribute name="Model" value="Model;Models/Link2.003.mdl" />
						<attribute name="Material" value="Material;Materials/Material1.xml" />
					</component>
				</node>
				<node id="26">
					<attribute name="Is Enabled" value="true" />
					<attribute name="Name" value="" />
					<attribute name="Tags" />
					<attribute name="Position" value="0 0 0" />
					<attribute name="Rotation" value="1 0 0 0" />
					<attribute name="Scale" value="1 1 1" />
					<attribute name="Variables" />
					<component type="StaticModel" id="27">
						<attribute name="Model" value="Model;Models/Link2.004.mdl" />
						<attribute name="Material" value="Material;Materials/Material1.xml" />
					</component>
				</node>
				<node id="27">
					<attribute name="Is Enabled" value="true" />
					<attribute name="Name" value="" />
					<attribute name="Tags" />
					<attribute name="Position" value="0 0 0" />
					<attribute name="Rotation" value="1 0 0 0" />
					<attribute name="Scale" value="1 1 1" />
					<attribute name="Variables" />
					<component type="StaticModel" id="28">
						<attribute name="Model" value="Model;Models/Link2.005.mdl" />
						<attribute name="Material" value="Material;Materials/Material1.xml" />
					</component>
				</node>
				<node id="28">
					<attribute name="Is Enabled" value="true" />
					<attribute name="Name" value="" />
					<attribute name="Tags" />
					<attribute name="Position" value="0 0 0" />
					<attribute name="Rotation" value="1 0 0 0" />
					<attribute name="Scale" value="1 1 1" />
					<attribute name="Variables" />
					<component type="StaticModel" id="29">
						<attribute name="Model" value="Model;Models/Link2.006.mdl" />
						<attribute name="Material" value="Material;Materials/Material1.xml" />
					</component>
				</node>
				<node id="29">
					<attribute name="Is Enabled" value="true" />
					<attribute name="Name" value="" />
					<attribute name="Tags" />
					<attribute name="Position" value="0 0 0" />
					<attribute name="Rotation" value="1 0 0 0" />
					<attribute name="Scale" value="1 1 1" />
					<attribute name="Variables" />
					<component type="StaticModel" id="30">
						<attribute name="Model" value="Model;Models/Link2.006.mdl" />
						<attribute name="Material" value="Material;Materials/Material1.xml" />
					</component>
				</node>
				<node id="30">
					<attribute name="Is Enabled" value="true" />
					<attribute name="Name" value="" />
					<attribute name="Tags" />
					<attribute name="Position" value="0 0 0" />
					<attribute name="Rotation" value="1 0 0 0" />
					<attribute name="Scale" value="1 1 1" />
					<attribute name="Variables" />
					<component type="StaticModel" id="31">
						<attribute name="Model" value="Model;Models/Link2.007.mdl" />
						<attribute name="Material" value="Material;Materials/Material1.xml" />
					</component>
				</node>
				<node id="31">
					<attribute name="Is Enabled" value="true" />
					<attribute name="Name" value="" />
					<attribute name="Tags" />
					<attribute name="Position" value="0 0 0" />
					<attribute name="Rotation" value="1 0 0 0" />
					<attribute name="Scale" value="1 1 1" />
					<attribute name="Variables" />
					<component type="StaticModel" id="32">
						<attribute name="Model" value="Model;Models/Link2.008.mdl" />
						<attribute name="Material" value="Material;Materials/Material1.xml" />
					</component>
				</node>
				<node id="32">
					<attribute name="Is Enabled" value="true" />
					<attribute name="Name" value="" />
					<attribute name="Tags" />
					<attribute name="Position" value="0 0 0" />
					<attribute name="Rotation" value="1 0 0 0" />
					<attribute name="Scale" value="1 1 1" />
					<attribute name="Variables" />
					<component type="StaticModel" id="33">
						<attribute name="Model" value="Model;Models/Link2.009.mdl" />
						<attribute name="Material" value="Material;Materials/Material1.xml" />
					</component>
				</node>
				<node id="33">
					<attribute name="Is Enabled" value="true" />
					<attribute name="Name" value="" />
					<attribute name="Tags" />
					<attribute name="Position" value="0 0 0" />
					<attribute name="Rotation" value="1 0 0 0" />
					<attribute name="Scale" value="1 1 1" />
					<attribute name="Variables" />
					<component type="StaticModel" id="34">
						<attribute name="Model" value="Model;Models/Link2.010.mdl" />
						<attribute name="Material" value="Material;Materials/Material1.xml" />
					</component>
				</node>
				<node id="34">
					<attribute name="Is Enabled" value="true" />
					<attribute name="Name" value="" />
					<attribute name="Tags" />
					<attribute name="Position" value="0 0 0" />
					<attribute name="Rotation" value="1 0 0 0" />
					<attribute name="Scale" value="1 1 1" />
					<attribute name="Variables" />
					<component type="StaticModel" id="35">
						<attribute name="Model" value="Model;Models/Link2.011.mdl" />
						<attribute name="Material" value="Material;" />
					</component>
				</node>
				<node id="16777223">
					<attribute name="Is Enabled" value="true" />
					<attribute name="Name" value="Link3" />
					<attribute name="Tags" />
					<attribute name="Position" value="0 0 0" />
					<attribute name="Rotation" value="1 0 0 0" />
					<attribute name="Scale" value="1 1 1" />
					<attribute name="Variables" />
					<node id="35">
						<attribute name="Is Enabled" value="true" />
						<attribute name="Name" value="" />
						<attribute name="Tags" />
						<attribute name="Position" value="0 0 0" />
						<attribute name="Rotation" value="1 0 0 0" />
						<attribute name="Scale" value="1 1 1" />
						<attribute name="Variables" />
						<component type="StaticModel" id="36">
							<attribute name="Model" value="Model;Models/Link3.002.mdl" />
							<attribute name="Material" value="Material;Materials/Material0.xml" />
						</component>
					</node>
					<node id="36">
						<attribute name="Is Enabled" value="true" />
						<attribute name="Name" value="" />
						<attribute name="Tags" />
						<attribute name="Position" value="0 0 0" />
						<attribute name="Rotation" value="1 0 0 0" />
						<attribute name="Scale" value="1 1 1" />
						<attribute name="Variables" />
						<component type="StaticModel" id="37">
							<attribute name="Model" value="Model;Models/Link3.003.mdl" />
							<attribute name="Material" value="Material;Materials/Material1.xml" />
						</component>
					</node>
					<node id="37">
						<attribute name="Is Enabled" value="true" />
						<attribute name="Name" value="" />
						<attribute name="Tags" />
						<attribute name="Position" value="0 0 0" />
						<attribute name="Rotation" value="1 0 0 0" />
						<attribute name="Scale" value="1 1 1" />
						<attribute name="Variables" />
						<component type="StaticModel" id="38">
							<attribute name="Model" value="Model;Models/Link3.004.mdl" />
							<attribute name="Material" value="Material;" />
						</component>
					</node>
					<node id="16777224">
						<attribute name="Is Enabled" value="true" />
						<attribute name="Name" value="Link4" />
						<attribute name="Tags" />
						<attribute name="Position" value="0 0 0" />
						<attribute name="Rotation" value="1 0 0 0" />
						<attribute name="Scale" value="1 1 1" />
						<attribute name="Variables" />
						<node id="38">
							<attribute name="Is Enabled" value="true" />
							<attribute name="Name" value="" />
							<attribute name="Tags" />
							<attribute name="Position" value="0 0 0" />
							<attribute name="Rotation" value="1 0 0 0" />
							<attribute name="Scale" value="1 1 1" />
							<attribute name="Variables" />
							<component type="StaticModel" id="39">
								<attribute name="Model" value="Model;Models/Link4.002.mdl" />
								<attribute name="Material" value="Material;Materials/Material0.xml" />
							</component>
						</node>
						<node id="39">
							<attribute name="Is Enabled" value="true" />
							<attribute name="Name" value="" />
							<attribute name="Tags" />
							<attribute name="Position" value="0 0 0" />
							<attribute name="Rotation" value="1 0 0 0" />
							<attribute name="Scale" value="1 1 1" />
							<attribute name="Variables" />
							<component type="StaticModel" id="40">
								<attribute name="Model" value="Model;Models/Link4.003.mdl" />
								<attribute name="Material" value="Material;Materials/Material1.xml" />
							</component>
						</node>
						<node id="40">
							<attribute name="Is Enabled" value="true" />
							<attribute name="Name" value="" />
							<attribute name="Tags" />
							<attribute name="Position" value="0 0 0" />
							<attribute name="Rotation" value="1 0 0 0" />
							<attribute name="Scale" value="1 1 1" />
							<attribute name="Variables" />
							<component type="StaticModel" id="41">
								<attribute name="Model" value="Model;Models/Link4.004.mdl" />
								<attribute name="Material" value="Material;Materials/Material1.xml" />
							</component>
						</node>
						<node id="41">
							<attribute name="Is Enabled" value="true" />
							<attribute name="Name" value="" />
							<attribute name="Tags" />
							<attribute name="Position" value="0 0 0" />
							<attribute name="Rotation" value="1 0 0 0" />
							<attribute name="Scale" value="1 1 1" />
							<attribute name="Variables" />
							<component type="StaticModel" id="42">
								<attribute name="Model" value="Model;Models/Link4.005.mdl" />
								<attribute name="Material" value="Material;Materials/Material1.xml" />
							</component>
						</node>
						<node id="42">
							<attribute name="Is Enabled" value="true" />
							<attribute name="Name" value="" />
							<attribute name="Tags" />
							<attribute name="Position" value="0 0 0" />
							<attribute name="Rotation" value="1 0 0 0" />
							<attribute name="Scale" value="1 1 1" />
							<attribute name="Variables" />
							<component type="StaticModel" id="43">
								<attribute name="Model" value="Model;Models/Link4.006.mdl" />
								<attribute name="Material" value="Material;" />
							</component>
						</node>
						<node id="16777225">
							<attribute name="Is Enabled" value="true" />
							<attribute name="Name" value="Link5" />
							<attribute name="Tags" />
							<attribute name="Position" value="0 0 0" />
							<attribute name="Rotation" value="1 0 0 0" />
							<attribute name="Scale" value="1 1 1" />
							<attribute name="Variables" />
							<node id="43">
								<attribute name="Is Enabled" value="true" />
								<attribute name="Name" value="" />
								<attribute name="Tags" />
								<attribute name="Position" value="0 0 0" />
								<attribute name="Rotation" value="1 0 0 0" />
								<attribute name="Scale" value="1 1 1" />
								<attribute name="Variables" />
								<component type="StaticModel" id="44">
									<attribute name="Model" value="Model;Models/Link5.002.mdl" />
									<attribute name="Material" value="Material;Materials/Material1.xml" />
								</component>
							</node>
							<node id="44">
								<attribute name="Is Enabled" value="true" />
								<attribute name="Name" value="" />
								<attribute name="Tags" />
								<attribute name="Position" value="0 0 0" />
								<attribute name="Rotation" value="1 0 0 0" />
								<attribute name="Scale" value="1 1 1" />
								<attribute name="Variables" />
								<component type="StaticModel" id="45">
									<attribute name="Model" value="Model;Models/Link5.003.mdl" />
									<attribute name="Material" value="Material;" />
								</component>
							</node>
							<node id="16777226">
								<attribute name="Is Enabled" value="true" />
								<attribute name="Name" value="Link6" />
								<attribute name="Tags" />
								<attribute name="Position" value="0 0 0" />
								<attribute name="Rotation" value="1 0 0 0" />
								<attribute name="Scale" value="1 1 1" />
								<attribute name="Variables" />
								<node id="45">
									<attribute name="Is Enabled" value="true" />
									<attribute name="Name" value="" />
									<attribute name="Tags" />
									<attribute name="Position" value="0 0 0" />
									<attribute name="Rotation" value="1 0 0 0" />
									<attribute name="Scale" value="1 1 1" />
									<attribute name="Variables" />
									<component type="StaticModel" id="46">
										<attribute name="Model" value="Model;Models/Link6.002.mdl" />
										<attribute name="Material" value="Material;Materials/Material1.xml" />
									</component>
								</node>
							</node>
						</node>
					</node>
				</node>
			</node>
		</node>
	</node>
	<node id="16777219">
		<attribute name="Is Enabled" value="true" />
		<attribute name="Name" value="Light1" />
		<attribute name="Tags" />
		<attribute name="Position" value="10 10 10" />
		<attribute name="Rotation" value="0.853553 0.353553 -0.353553 0.146447" />
		<attribute name="Scale" value="1 1 1" />
		<attribute name="Variables" />
		<component type="Light" id="16777230">
			<attribute name="Light Type" value="Directional" />
		</component>
	</node>
	<node id="16777218">
		<attribute name="Is Enabled" value="true" />
		<attribute name="Name" value="Light2" />
		<attribute name="Tags" />
		<attribute name="Position" value="0 0 0" />
		<attribute name="Rotation" value="1 0 0 0" />
		<attribute name="Scale" value="1 1 1" />
		<attribute name="Variables" />
		<component type="Light" id="16777228">
			<attribute name="Light Type" value="Directional" />
		</component>
	</node>
</scene>
